source,publishedAt,raw_text,clean_text,url,locations,crime_types,crime_type,latitude,longitude
DW (English),2025-04-19T19:06:00Z,"US deportations to El Salvador test legal limits As court disputes heat up over the Trump administration's deportations of alleged criminal migrants to El Salvador, legal experts explain to DW what's at stake for both detainees and the rule of law. Ever since Donald Trump took office in January, migrants en… Ever since Donald Trump took office in January, migrants entering the United States have increasingly feared the threat of deportation. Now this threat has taken on a new dimension: The possibility o… [+6199 chars]",us deportations el salvador test legal limits court disputes heat trump administrations deportations alleged criminal migrants el salvador legal experts explain dw whats stake detainees rule law ever since donald trump took office january migrants en… ever since donald trump took office january migrants entering united states increasingly feared threat deportation threat taken new dimension possibility o… chars,https://www.dw.com/en/us-deportations-to-el-salvador-test-legal-limits/a-72289913,el salvador,,unknown,13.8000382,-88.9140683
ABC News (AU),2025-04-19T19:04:56Z,"Cost of living most important issue this election, Vote Compass data shows Vote Compass data shows cost of living is the most important issue for respondents ahead of the federal election. Vote Compass data shows cost of living is the most important issue for voters ahead of the election, with one quarter of respondents saying it is their biggest concern.
The cost of groceries and ren… [+5921 chars]",cost living important issue election vote compass data shows vote compass data shows cost living important issue respondents ahead federal election vote compass data shows cost living important issue voters ahead election one quarter respondents saying biggest concern cost groceries ren… chars,https://www.abc.net.au/news/2025-04-20/federal-election-2025-most-important-issue-vote-compass/105178788,,,unknown,46.3144754,11.0480288
Breitbart News,2025-04-19T18:56:08Z,"NBC's 'Law & Order' Portrays Migrants as Innocent, Cops as Rapists and Murderers NBC's Law & Order distorted illegal alien crime in America, portraying illegals as innocent and police as rapists and murderers.
The post NBC’s ‘Law & Order’ Portrays Migrants as Innocent, Cops as Rapists and Murderers appeared first on Breitbart. NBC’s Law &amp; Order flipped the script this week in an effort to distort illegal alien crime in America, portraying illegals as innocent and police as rapists and murderers.
Law &amp; Order often … [+2628 chars]",nbcs law order portrays migrants innocent cops rapists murderers nbcs law order distorted illegal alien crime america portraying illegals innocent police rapists murderers post nbc’s ‘law order’ portrays migrants innocent cops rapists murderers appeared first breitbart nbc’s law amp order flipped script week effort distort illegal alien crime america portraying illegals innocent police rapists murderers law amp order often … chars,https://www.breitbart.com/entertainment/2025/04/19/nbcs-law-order-portrays-migrants-as-innocent-cops-as-rapists-and-murderers/,america,,unknown,39.7837304,-100.445882
New York Post,2025-04-19T18:51:21Z,"Dangerous jetty caused surfer’s tragic death at federal park in Queens: residents An award-winning 35-year-old filmmaker drowned surfing after his board apparently got tangled in wooden jetties along notoriously treacherous waters at Jacob Riis Park in Queens, according to police sources and residents. An award-winning filmmaker drowned at Jacob Riis Park in Queens last week after his surfboard apparently got tangled in a decrepit wooden jetty, a deadly obstruction residents have begged the federal… [+4457 chars]",dangerous jetty caused surfer’s tragic death federal park queens residents awardwinning yearold filmmaker drowned surfing board apparently got tangled wooden jetties along notoriously treacherous waters jacob riis park queens according police sources residents awardwinning filmmaker drowned jacob riis park queens last week surfboard apparently got tangled decrepit wooden jetty deadly obstruction residents begged federal… chars,https://nypost.com/2025/04/19/us-news/feds-failure-to-fix-rockaway-beach-safety-issues-blamed-for-surfing-death-of-filmmaker/,,,unknown,46.3144754,11.0480288
Wnd.com,2025-04-19T18:43:56Z,"Dems failed in 2024 because leaders were ‘lying about Biden’s mental acuity’ Analysis: Fibbing reinforced voters' suspicions the party won't admit uncomfortable truths on crime, immigration, inflation Donald Trumps victory in the 2024 president election outraged Democrats and delighted Republicans. Progressives have been tempted to console themselves with congenial fantasies or to sink into despai… [+9992 chars]",dems failed leaders ‘lying biden’s mental acuity’ analysis fibbing reinforced voters suspicions party wont admit uncomfortable truths crime immigration inflation donald trumps victory president election outraged democrats delighted republicans progressives tempted console congenial fantasies sink despai… chars,https://www.wnd.com/2025/04/dems-failed-in-2024-because-leaders-were-lying-about-bidens-mental-acuity/,,,unknown,46.3144754,11.0480288
Breitbart News,2025-04-19T18:43:46Z,"Brooklyn Tesla Vandalism Suspect Is a Licensed Mental Health Therapist As a licensed counselor and therapist helping to keep criminal offenders out of prison, a Brooklyn woman accused of trashing a parked Tesla may need some of her own professional expertise. According to the New York Post, 46-year old Natasha
The post Brooklyn … As a licensed counselor and therapist helping to keep criminal offenders out of prison, a Brooklyn woman accused of trashing a parked Tesla may need some of her own professional expertise.
According… [+2998 chars]",brooklyn tesla vandalism suspect licensed mental health therapist licensed counselor therapist helping keep criminal offenders prison brooklyn woman accused trashing parked tesla may need professional expertise according new york post year old natasha post brooklyn … licensed counselor therapist helping keep criminal offenders prison brooklyn woman accused trashing parked tesla may need professional expertise according… chars,https://www.breitbart.com/crime/2025/04/19/brooklyn-tesla-vandal-is-a-licensed-mental-health-therapist/,"brooklyn, new york",,unknown,40.6526006,-73.9497211
New York Post,2025-04-19T18:39:30Z,"Miracle at the mall: boy viciously thrown off balcony by deranged stranger now thriving Landen Hoffmann, 5, broke his skull, facial bones, both arms and a leg when he a deranged stranger randomly picked him up at the mall and tossed him over the side of the third-floor balcony. The Minnesota boy who was thrown from a Mall of America balcony six years ago and had to undergo emergency surgery and years of rehabilitation is now thriving, his mother said.
Landen Hoffmann was j… [+1907 chars]",miracle mall boy viciously thrown balcony deranged stranger thriving landen hoffmann broke skull facial bones arms leg deranged stranger randomly picked mall tossed side thirdfloor balcony minnesota boy thrown mall america balcony six years ago undergo emergency surgery years rehabilitation thriving mother said landen hoffmann j… chars,https://nypost.com/2025/04/19/us-news/landen-hoffmann-thriving-six-years-after-attack-says-mother-kari/,"america, minnesota",,unknown,45.9896587,-94.6113288
PBS,2025-04-19T18:35:48Z,A U.S. citizen was held for pickup by ICE despite proof he was born in the country Juan Carlos Lopez Gomez was arrested in Florida for allegedly being in the country illegally and held for pickup by immigration authorities even after his mother showed a judge her son’s birth certificate and the judge dismissed charges. MIAMI (AP) A U.S. citizen was arrested in Florida for allegedly being in the country illegally and held for pickup by immigration authorities even after his mother showed a judge her sons birth certi… [+2261 chars],us citizen held pickup ice despite proof born country juan carlos lopez gomez arrested florida allegedly country illegally held pickup immigration authorities even mother showed judge son’s birth certificate judge dismissed charges miami ap us citizen arrested florida allegedly country illegally held pickup immigration authorities even mother showed judge sons birth certi… chars,https://www.pbs.org/newshour/politics/a-u-s-citizen-was-held-for-pickup-by-ice-despite-proof-he-was-born-in-the-country,"miami, florida",,unknown,25.7741728,-80.19362
The Times of India,2025-04-19T18:34:24Z,"A Good Girl's Guide to Murder Season 2 begins filming: When will new episodes release? Season 1 of A Good Girl’s Guide to Murder, which debuted last year on BBC iPlayer, followed Pip as she launched a gripping investigation into the long-unsolved murder of a local schoolgirl. Filming has officially commenced for A Good Girls Guide to Murder Season 2, with the BBC confirming the return of its much-celebrated teen crime drama. The announcement was made via an engaging behin… [+3236 chars]",good girls guide murder season begins filming new episodes release season good girl’s guide murder debuted last year bbc iplayer followed pip launched gripping investigation longunsolved murder local schoolgirl filming officially commenced good girls guide murder season bbc confirming return muchcelebrated teen crime drama announcement made via engaging behin… chars,https://economictimes.indiatimes.com/news/international/us/a-good-girls-guide-to-murder-season-2-begins-filming-when-will-new-episodes-release/articleshow/120439854.cms,,murder,murder,46.3144754,11.0480288
ComicBook.com,2025-04-19T18:30:00Z,"7 Best Sci-fi Shows With Only One Season (And Where to Watch Them) Image courtesy of Netflix.
There’s a popular saying that quantity doesn’t equal quality, and that’s certainly true when it comes to some of the best sci-fi shows around. While dozens of incredible shows have run for multiple seasons, there are just as many ge… There’s a popular saying that quantity doesn’t equal quality, and that’s certainly true when it comes to some of the best sci-fi shows around. While dozens of incredible shows have run for multiple s… [+8944 chars]",best scifi shows one season watch image courtesy netflix there’s popular saying quantity doesn’t equal quality that’s certainly true comes best scifi shows around dozens incredible shows run multiple seasons many ge… there’s popular saying quantity doesn’t equal quality that’s certainly true comes best scifi shows around dozens incredible shows run multiple s… chars,http://comicbook.com/tv-shows/news/best-sci-fi-shows-only-one-season-where-to-watch-firefly-station-eleven/,netflix,,unknown,40.7637635,-73.9743027
NPR,2025-04-19T18:24:35Z,"She grew up believing she was a U.S. citizen. Then she applied for a passport Among those fearful of the Trump administration's immigration crackdown are adoptees who grew up thinking they were U.S. citizens — only to find out years later, in adulthood, they're not. For the better part of A's life, she never suspected anything was wrong.
She breezed through getting her driver's license. She applied to college and filed her taxes year after year without any hicc… [+10636 chars]",grew believing us citizen applied passport among fearful trump administrations immigration crackdown adoptees grew thinking us citizens — find years later adulthood theyre better part life never suspected anything wrong breezed getting drivers license applied college filed taxes year year without hicc… chars,https://www.npr.org/2025/04/19/g-s1-60166/trump-immigration-citizenship-deportation-adoptee-south-korea,,,unknown,46.3144754,11.0480288
Thegatewaypundit.com,2025-04-19T18:20:50Z,"Woke Brooklyn Therapist Accused of Leaving Brick Scrawled with ‘Nazi’ on Tesla in Jewish Neighborhood Facing Hate-Crime Charges A Brooklyn therapist faces hate-crime charges after allegedly vandalizing a Tesla with a swastika, citing deep-seated fears about the political climate. This incident raises critical questions about ideology and accountability.
The post Woke Brooklyn Therapis… Surveillance footage courtesy of DCPI
A Brooklyn woman, Natasha Cohen, has been accused of leaving a brick scrawled with a swastika and the word Nazi on a parked Tesla in a largely Jewish neighborho… [+1649 chars]",woke brooklyn therapist accused leaving brick scrawled ‘nazi’ tesla jewish neighborhood facing hatecrime charges brooklyn therapist faces hatecrime charges allegedly vandalizing tesla swastika citing deepseated fears political climate incident raises critical questions ideology accountability post woke brooklyn therapis… surveillance footage courtesy dcpi brooklyn woman natasha cohen accused leaving brick scrawled swastika word nazi parked tesla largely jewish neighborho… chars,https://www.thegatewaypundit.com/2025/04/woke-brooklyn-therapist-accused-leaving-brick-scrawled-nazi/,"brooklyn, dcpi",,unknown,,
Economictimes.com,2025-04-19T18:02:32Z,"Have you had your TV drama trauma fix? The author questions the current obsession with dark and disturbing content in television and film, particularly psychological crime dramas like 'Adolescence.' They ponder why audiences actively seek out narratives filled with gore, misery, and trauma, sugges… Everyone and their aunt are watching the psychological crime drama series Adolescence - and insisting that I must. The last time this happened, it was Game of Thrones. And we all know how that ended:… [+3809 chars]",tv drama trauma fix author questions current obsession dark disturbing content television film particularly psychological crime dramas like adolescence ponder audiences actively seek narratives filled gore misery trauma sugges… everyone aunt watching psychological crime drama series adolescence insisting must last time happened game thrones know ended… chars,https://m.economictimes.com/opinion/et-commentary/have-you-had-your-tv-drama-trauma-fix/articleshow/120439309.cms,,,unknown,46.3144754,11.0480288
Screen Rant,2025-04-19T18:00:23Z,"Tilda Swinton's 15 Best Movies, Ranked Tilda Swinton is known for chameleonic roles and immense talent, her best movies ranging from quiet independent films to huge blockbuster franchises. Tilda Swinton's movies prove that she is an actress whose versatility has no limits. Known for completely immersing herself in every role, Swinton has shown exceptional range in independent films, bi… [+16668 chars]",tilda swintons best movies ranked tilda swinton known chameleonic roles immense talent best movies ranging quiet independent films huge blockbuster franchises tilda swintons movies prove actress whose versatility limits known completely immersing every role swinton shown exceptional range independent films bi… chars,https://screenrant.com/tilda-swinton-movies-ranked/,,,unknown,46.3144754,11.0480288
DW (English),2025-04-19T17:53:00Z,"How Russia recruits soldiers in occupied Ukrainian territories Forcibly conscripting soldiers to fight for an occupying power is a war crime. DW spoke to human rights activists and Ukrainians about how residents are still being pressured into military service by their invaders. This spring marks the highest rate of milit… This spring marks the highest rate of military conscription that Russia has seen in 14 years. In late March, Russian President Vladimir Putin issued a decree ordering 160,000 men between the ages of … [+6677 chars]",russia recruits soldiers occupied ukrainian territories forcibly conscripting soldiers fight occupying power war crime dw spoke human rights activists ukrainians residents still pressured military service invaders spring marks highest rate milit… spring marks highest rate military conscription russia seen years late march russian president vladimir putin issued decree ordering men ages … chars,https://www.dw.com/en/how-russia-recruits-soldiers-in-occupied-ukrainian-territories/a-72289013,russia,,unknown,64.6863136,97.7453061
Freerepublic.com,2025-04-19T17:45:13Z,"Gen Z leading political shift toward Republicans: Poll More Gen Z voters are shifting Republican, challenging past trends Gen Z was key in re-electing President Donald Trump JD Vance leads GOP among young voters; Kamala Harris tops Dems A growing political divide is emerging among Americans under 30, as more youn… Skip to comments.
Gen Z leading political shift toward Republicans: PollThe Hill ^
 | 4/18/25
 | Taylor Delandro 
Posted on 04/19/2025 10:45:13 AM PDT by CFW
More Gen Z voters are shifting Repub… [+5015 chars]",gen z leading political shift toward republicans poll gen z voters shifting republican challenging past trends gen z key reelecting president donald trump jd vance leads gop among young voters kamala harris tops dems growing political divide emerging among americans youn… skip comments gen z leading political shift toward republicans pollthe hill taylor delandro posted pdt cfw gen z voters shifting repub… chars,https://freerepublic.com/focus/f-news/4312011/posts,,,unknown,46.3144754,11.0480288
Reason,2025-04-19T17:41:19Z,"Not Guilty but Punished Anyway Sentencing defendants based on acquitted conduct violates basic notions of justice. When Willonte Yates, Malik Perry, Dayonta McClinton, and three other young men arrived at a CVS on College Avenue in Indianapolis on a Tuesday night in October 2015, they were there to rob the pharma… [+19925 chars]",guilty punished anyway sentencing defendants based acquitted conduct violates basic notions justice willonte yates malik perry dayonta mcclinton three young men arrived cvs college avenue indianapolis tuesday night october rob pharma… chars,https://reason.com/2025/04/19/not-guilty-but-punished-anyway/,,,unknown,46.3144754,11.0480288
Securityaffairs.com,2025-04-19T17:37:08Z,"Attackers exploited SonicWall SMA appliances since January 2025 Threat actors are actively exploiting a remote code execution flaw in SonicWall Secure Mobile Access (SMA) appliances since January 2025. Arctic Wolf researchers warn that threat actors actively exploit a vulnerability, tracked as CVE-2021-20035 (CVSS score o… Attackers exploited SonicWall SMA appliances since January 2025
 | ASUS routers with AiCloud vulnerable to auth bypass exploit
 | U.S. CISA adds Apple products and Microsoft Windows NTLM flaws to i… [+156889 chars]",attackers exploited sonicwall sma appliances since january threat actors actively exploiting remote code execution flaw sonicwall secure mobile access sma appliances since january arctic wolf researchers warn threat actors actively exploit vulnerability tracked cve cvss score o… attackers exploited sonicwall sma appliances since january asus routers aicloud vulnerable auth bypass exploit us cisa adds apple products microsoft windows ntlm flaws i… chars,https://securityaffairs.com/176706/security/attackers-exploited-sonicwall-sma-appliances-since-january-2025.html,us,,unknown,39.7837304,-100.445882
Bleeding Cool News,2025-04-19T17:37:07Z,"Doctor Who: Our Deep Dive Into The Disney Era-Defining S02E02 ""Lux"" Let's dive into the second episode of Doctor Who, ""Lux"". This is going to be all spoilers with the assumption that you've watched the episode. This is the craziest and most fun episode of the series' Disney era and arguably the best. Russell T. Davies is swin… Posted in: BBC, Doctor Who, TV | Tagged: doctor who
Here's our deep dive into the Disney+/BBC Era-defining Doctor Who S02E02: ""Lux,"" with all the crazy meta themes that fold in on themselves.
Let's… [+10363 chars]",doctor deep dive disney eradefining se lux lets dive second episode doctor lux going spoilers assumption youve watched episode craziest fun episode series disney era arguably best russell davies swin… posted bbc doctor tv tagged doctor heres deep dive disneybbc eradefining doctor se lux crazy meta themes fold lets… chars,https://bleedingcool.com/tv/doctor-who-our-deep-dive-into-the-disney-era-defining-s02e02-lux/,,,unknown,46.3144754,11.0480288
Survivalblog.com,2025-04-19T17:35:47Z,"How The Woke Postmodern “Faith” Glorifies Evil, by Brandon Smith It’s not as if it was ever a secret: The very core of the woke movement is fundamentally rooted in evil. The general definition of “evil” being a conscious act of deception and destruction, the deliberate victimization of others for the sake of personal power… Its not as if it was ever a secret: The very core of the woke movement is fundamentally rooted in evil. The general definition of evil being a conscious act of deception and destruction, the delibera… [+10113 chars]",woke postmodern “faith” glorifies evil brandon smith it’s ever secret core woke movement fundamentally rooted evil general definition “evil” conscious act deception destruction deliberate victimization others sake personal power… ever secret core woke movement fundamentally rooted evil general definition evil conscious act deception destruction delibera… chars,https://survivalblog.com/2025/04/20/how-the-woke-postmodern-faith-glorifies-evil-by-brandon-smith/,,,unknown,46.3144754,11.0480288
Econlib.org,2025-04-19T17:34:38Z,"Businesses are suffering Almost any economic change produces winners and losers.  Ride share companies hurt the taxi industry.  In the future, Waymo may undercut the ride share companies.  Imports of inexpensive sneakers from China hurt the US shoe making industry.  And now we discov… Almost any economic change produces winners and losers.  Ride share companies hurt the taxi industry.  In the future, Waymo may undercut the ride share companies.  Imports of inexpensive sneakers fro… [+3417 chars]",businesses suffering almost economic change produces winners losers ride share companies hurt taxi industry future waymo may undercut ride share companies imports inexpensive sneakers china hurt us shoe making industry discov… almost economic change produces winners losers ride share companies hurt taxi industry future waymo may undercut ride share companies imports inexpensive sneakers fro… chars,https://www.econlib.org/businesses-are-suffering/,china,,unknown,35.0000663,104.999955
Freerepublic.com,2025-04-19T17:29:34Z,"AOC fundraising soars as the New York rep and Bernie Sanders barnstorm U.S. against Trump Rep. Alexandria Ocasio-Cortez raised $9.6 million in the first quarter of 2025, the best quarter ever for the New York progressive Democrat. The big haul comes as Ocasio-Cortez and Sen. Bernie Sanders hold rallies across the United States to criticize Preside… Skip to comments.
AOC fundraising soars as the New York rep and Bernie Sanders barnstorm U.S. against TrumpChicago 5 NBC ^
 | 4/16/25
 | Erin Doherty
Posted on 04/19/2025 10:29:34 AM PDT by Dalla… [+1915 chars]",aoc fundraising soars new york rep bernie sanders barnstorm us trump rep alexandria ocasiocortez raised million first quarter best quarter ever new york progressive democrat big haul comes ocasiocortez sen bernie sanders hold rallies across united states criticize preside… skip comments aoc fundraising soars new york rep bernie sanders barnstorm us trumpchicago nbc erin doherty posted pdt dalla… chars,https://freerepublic.com/focus/f-news/4312008/posts,new york,,unknown,40.7127281,-74.0060152
Fox News,2025-04-19T17:21:13Z,"American pastor kidnapped in South Africa thanks God after being rescued American pastor Josh Sullivan says his ""personal relationship with Jesus"" helped him survive terrifying kidnapping ordeal that he calls ""the worst experience."" Join Fox News for access to this content
You have reached your maximum number of articles. Log in or create an account FREE of charge to continue reading.
By entering your email and pushing continu… [+1978 chars]",american pastor kidnapped south africa thanks god rescued american pastor josh sullivan says personal relationship jesus helped survive terrifying kidnapping ordeal calls worst experience join fox news access content reached maximum number articles log create account free charge continue reading entering email pushing continu… chars,https://www.foxnews.com/world/american-pastor-kidnapped-south-africa-thanks-god-after-being-rescued,south africa,,unknown,-28.8166236,24.991639
Mediaite,2025-04-19T17:15:54Z,"CNN Host: Trump ‘Right On The Politics’ of Wrongly Deported Abrego Garcia Despite Being ‘Wrong On The Merits’ Smerconish pointed out Americans are in favor of deportations despite Democrats and the media, and the issue is helping Trump in the polls, not hurting him.
The post CNN Host: Trump ‘Right On The Politics’ of Wrongly Deported Abrego Garcia Despite Being ‘Wron… CNN host Michael Smerconish said President Donald Trump is right “on the politics” of three issues on which he’s “wrong on the merits, including the administration’s deportation of, and refusal to br… [+4765 chars]",cnn host trump ‘right politics’ wrongly deported abrego garcia despite ‘wrong merits’ smerconish pointed americans favor deportations despite democrats media issue helping trump polls hurting post cnn host trump ‘right politics’ wrongly deported abrego garcia despite ‘wron… cnn host michael smerconish said president donald trump right “on politics” three issues he’s “wrong merits including administration’s deportation refusal br… chars,https://www.mediaite.com/politics/cnn-host-trump-right-on-the-politics-of-wrongly-deported-abrego-garcia-despite-being-wrong-on-the-merits/,,,unknown,46.3144754,11.0480288
Freerepublic.com,2025-04-19T17:13:06Z,"US judge finds Google holds illegal online ad tech monopolies Alphabet’s (GOOGL.O) Google illegally dominated two markets for online advertising technology, a federal judge said on Thursday, dealing another blow to the tech titan in an antitrust case brought by the U.S. U.S. District Judge Leonie Brinkema in Alexandria,… Skip to comments.
US judge finds Google holds illegal online ad tech monopoliesOne America News ^
 | April 17, 2025
 | Jody Godoy
Posted on 04/19/2025 10:13:06 AM PDT by Navy Patriot
Alphabets (… [+2022 chars]",us judge finds google holds illegal online ad tech monopolies alphabet’s googlo google illegally dominated two markets online advertising technology federal judge said thursday dealing another blow tech titan antitrust case brought us us district judge leonie brinkema alexandria… skip comments us judge finds google holds illegal online ad tech monopoliesone america news april jody godoy posted pdt navy patriot alphabets … chars,https://freerepublic.com/focus/f-news/4312006/posts,us,,unknown,39.7837304,-100.445882
Forbes,2025-04-19T17:11:09Z,"DRC: A Child Was Raped Every Half An Hour In January 2025, the situation in the Democratic Republic of the Congo (DRC) escalated with fighting between Government forces... Displaced community members who have fled the M23 conflict leave a Doctors Without Borders ... More discussion group on the subject of sexual violence against women on April 4, 2024 in Kishinji, Demo… [+4398 chars]",drc child raped every half hour january situation democratic republic congo drc escalated fighting government forces displaced community members fled conflict leave doctors without borders discussion group subject sexual violence women april kishinji demo… chars,https://www.forbes.com/sites/ewelinaochab/2025/04/19/drc-a-child-was-raped-every-half-an-hour/,,violence,unknown,46.3144754,11.0480288
Biztoc.com,2025-04-19T17:10:19Z,"Poker Face Season 2 Release Date, Schedule, Where To Watch Natasha Lyonne returns for Rian Johnson's crime comedy-drama TV series. Natasha Lyonne returns for Rian Johnson's crime comedy-drama TV series.
This story appeared on newsweek.com, 2025-04-19 17:00:01.",poker face season release date schedule watch natasha lyonne returns rian johnsons crime comedydrama tv series natasha lyonne returns rian johnsons crime comedydrama tv series story appeared newsweekcom,https://biztoc.com/x/6bd951e6f8954432,,,unknown,46.3144754,11.0480288
Newsweek,2025-04-19T17:00:01Z,"Poker Face Season 2 Release Date, Schedule, Where To Watch Natasha Lyonne returns for Rian Johnson's crime comedy-drama TV series. Entertainment gossip and news from Newsweek's network of contributors
We're soon getting a second serving of one of the best TV series of 2023. In this article you'll find where to watch Poker Face … [+4024 chars]",poker face season release date schedule watch natasha lyonne returns rian johnsons crime comedydrama tv series entertainment gossip news newsweeks network contributors soon getting second serving one best tv series article youll find watch poker face … chars,https://www.newsweek.com/entertainment/tv/poker-face-season-2-release-date-schedule-where-watch-2060873,,,unknown,46.3144754,11.0480288
Wattsupwiththat.com,2025-04-19T17:00:00Z,"From CO2 to Social Justice: The Guardian’s Climate Gospel Goes Full Cult As always, The Guardian isn’t content to merely spread alarmism—it needs to moralize. The piece does not present testable hypotheses or falsifiable predictions. No, it sermonizes. It's less a scientific article and more a secular encyclical. Climate policy, p… Oh Guardian, thou unerring oracle of elite anguish and latte-laced righteousness, what have you conjured this time? A new revelation from the high temple of emotional climatology: climate change is n… [+3727 chars]",co social justice guardian’s climate gospel goes full cult always guardian isn’t content merely spread alarmism—it needs moralize piece present testable hypotheses falsifiable predictions sermonizes less scientific article secular encyclical climate policy p… oh guardian thou unerring oracle elite anguish lattelaced righteousness conjured time new revelation high temple emotional climatology climate change n… chars,https://wattsupwiththat.com/2025/04/19/from-co2-to-social-justice-the-guardians-climate-gospel-goes-full-cult/,,,unknown,46.3144754,11.0480288
/FILM,2025-04-19T17:00:00Z,"Why Bones Made Angela And Hodgins A Couple, According To T.J. Thyne According to Bones star T.J. Thyne, the romance between his character Jack Hodgins and Angela Montenegro (Michaela Conlin) didn't come about accidentally. Fox's popular crime procedural ""Bones"" never hesitated to add a bit of interpersonal drama to its investigations. In fact, on many occasions, the relationships between the show's central characters f… [+1307 chars]",bones made angela hodgins couple according tj thyne according bones star tj thyne romance character jack hodgins angela montenegro michaela conlin didnt come accidentally foxs popular crime procedural bones never hesitated add bit interpersonal drama investigations fact many occasions relationships shows central characters f… chars,https://www.slashfilm.com/1831281/tj-thynes-bones-angela-hodgins-couple/,,,unknown,46.3144754,11.0480288
ABC News,2025-04-19T16:46:16Z,"Ecuador warns of potential assassination attempt against President Noboa but provides no evidence Ecuadorian authorities have warned that the Andean country is on “high alert” after they received intelligence about an suspected attempt on President Daniel Noboa’s life QUITO, Ecuador -- Ecuadorian authorities warned Saturday that the Andean country is on high alert after it received intelligence about an suspected attempt on President Daniel Noboa' s life.
Ecuador… [+1524 chars]",ecuador warns potential assassination attempt president noboa provides evidence ecuadorian authorities warned andean country “high alert” received intelligence suspected attempt president daniel noboa’s life quito ecuador ecuadorian authorities warned saturday andean country high alert received intelligence suspected attempt president daniel noboa life ecuador… chars,https://abcnews.go.com/International/wireStory/ecuador-warns-potential-assassination-attempt-president-noboa-evidence-120977002,"ecuador, quito",,unknown,-0.260621,-78.549425
NDTV News,2025-04-19T16:44:40Z,"Air Hostess Sexual Assault Case Accused Watched Porn Before Crime: Cops The accused hospital staffer arrested in flight steward sexual assault case watched porn videos before and after committing the crime, Gurugram police said here on Saturday. Gurugram: The accused hospital staffer arrested in flight steward sexual assault case watched porn videos before and after committing the crime, Gurugram police said here on Saturday.
This is confir… [+787 chars]",air hostess sexual assault case accused watched porn crime cops accused hospital staffer arrested flight steward sexual assault case watched porn videos committing crime gurugram police said saturday gurugram accused hospital staffer arrested flight steward sexual assault case watched porn videos committing crime gurugram police said saturday confir… chars,https://www.ndtv.com/india-news/air-hostess-sexual-assault-case-accused-watched-porn-before-crime-gurugram-cops-8205631,,assault,assault,46.3144754,11.0480288
ComicBook.com,2025-04-19T16:37:23Z,"New Netflix Series Is Now The 3rd Most-Watched Netflix TV Show Ever A new Netflix series that debuted last month is now the third most-watched Netflix TV show ever, thanks to over 124 million views since its release about a month ago. This accomplishment puts the Netflix show only behind Stranger Things Season 4 and Wednesday… A new Netflix series that debuted last month is now the third most-watched Netflix TV show ever, thanks to over 124 million views since its release about a month ago. This accomplishment puts the Net… [+2763 chars]",new netflix series rd mostwatched netflix tv show ever new netflix series debuted last month third mostwatched netflix tv show ever thanks million views since release month ago accomplishment puts netflix show behind stranger things season wednesday… new netflix series debuted last month third mostwatched netflix tv show ever thanks million views since release month ago accomplishment puts net… chars,http://comicbook.com/tv-shows/news/netflix-series-tv-show-charts-adolescence/,netflix,,unknown,40.7637635,-73.9743027
BBC News,2025-04-19T16:37:18Z,"Residents tried to save dying man hit by car Police say a 41-year-old man, arrested at the scene on suspicion of murder, remains in custody. Jonny Humphries
Police are investigating the crash in Liverpool
Bystanders begged a dying man to ""please stay with us"" after he was ""deliberately"" struck with a car outside a party, witnesses have … [+2635 chars]",residents tried save dying man hit car police say yearold man arrested scene suspicion murder remains custody jonny humphries police investigating crash liverpool bystanders begged dying man please stay us deliberately struck car outside party witnesses … chars,https://www.bbc.com/news/articles/cm241em3g24o,,murder,assault,46.3144754,11.0480288
CBS News,2025-04-19T16:27:22Z,"Gunmen disguised as soldiers kill 12 spectators at cockfight Footage of the shooting, circulated on social media, showed spectators flinging themselves to the ground and taking cover under their seats. Criminals dressed in fake military uniforms opened fire on spectators at a cockfight in rural Ecuador, killing 12 unarmed people and wounding several others, police in the violence-plagued South Amer… [+3814 chars]",gunmen disguised soldiers kill spectators cockfight footage shooting circulated social media showed spectators flinging ground taking cover seats criminals dressed fake military uniforms opened fire spectators cockfight rural ecuador killing unarmed people wounding several others police violenceplagued south amer… chars,https://www.cbsnews.com/news/gunmen-disguised-soldiers-kill-12-cockfight-ecuador/,ecuador,shooting,murder,-1.3397668,-79.3666965
Yahoo Entertainment,2025-04-19T16:18:20Z,"US Supreme Court intervenes to pause Trump deportations The US Supreme Court, in a dramatic nighttime intervention Saturday, paused President Donald Trump's unprecedented use of an obscure law to deport Venezuelan... The US Supreme Court, in a dramatic nighttime intervention Saturday, paused President Donald Trump's unprecedented use of an obscure law to deport Venezuelan migrants without due process.
The emerge… [+3766 chars]",us supreme court intervenes pause trump deportations us supreme court dramatic nighttime intervention saturday paused president donald trumps unprecedented use obscure law deport venezuelan us supreme court dramatic nighttime intervention saturday paused president donald trumps unprecedented use obscure law deport venezuelan migrants without due process emerge… chars,https://www.yahoo.com/news/us-supreme-court-pauses-deportation-073217328.html,,,unknown,46.3144754,11.0480288
The Jerusalem Post,2025-04-19T16:12:21Z,"Healing through hospitality: A look at the tourism revolution in El Salvador Beyond the improved security and industrialized tourism boom, we are witnessing the rise of a new tourism model – regenerative and restorative tourism. El Salvador, the small Central American nation, has dramatically transformed in recent years. Once considered one of the most dangerous countries in the world, it is now one of the safest and most in… [+9901 chars]",healing hospitality look tourism revolution el salvador beyond improved security industrialized tourism boom witnessing rise new tourism model – regenerative restorative tourism el salvador small central american nation dramatically transformed recent years considered one dangerous countries world one safest in… chars,https://www.jpost.com/international/article-850535,el salvador,,unknown,13.8000382,-88.9140683
CBS News,2025-04-19T16:07:54Z,"Judge to allow ""bushy eyebrows"" testimony in Bryan Kohberger trial Kohberger, 30, is charged with murder in the stabbing deaths of Ethan Chapin, Xana Kernodle, Madison Mogen and Kaylee Goncalves at a rental home in Idaho near campus. A judge says a former roommate of four University of Idaho students who were killed in 2022 can testify about seeing an intruder with ""bushy eyebrows"" around the time of the crime.
Defense attorneys… [+3990 chars]",judge allow bushy eyebrows testimony bryan kohberger trial kohberger charged murder stabbing deaths ethan chapin xana kernodle madison mogen kaylee goncalves rental home idaho near campus judge says former roommate four university idaho students killed testify seeing intruder bushy eyebrows around time crime defense attorneys… chars,https://www.cbsnews.com/news/bryan-kohberger-idaho-student-killings-bushy-eyebrows/,,murder,murder,46.3144754,11.0480288
TVLine,2025-04-19T16:00:00Z,"Chris Meloni Revisits SVU’s Infamous Benson/Stabler Near-Kiss in the Kitchen: ‘We Were Attempting Something, I Don’t Think It Worked’ We’ve heard from one half of Law & Order: SVU‘s infamous Near-Kiss in the Kitchen, and now it’s time for the other party to weigh in. Law & Order: SVU alum Chris Meloni, who currently stars as Det. Elliot Stabler on Organized Crime, referenced the ‘shippy mom… We’ve heard from one half of Law &amp; Order: SVU‘s infamous Near-Kiss in the Kitchen, and now it’s time for the other party to weigh in. 
Law &amp; Order: SVU alum Chris Meloni, who currently stars… [+2489 chars]",chris meloni revisits svu’s infamous bensonstabler nearkiss kitchen ‘we attempting something don’t think worked’ we’ve heard one half law order svu‘s infamous nearkiss kitchen it’s time party weigh law order svu alum chris meloni currently stars det elliot stabler organized crime referenced ‘shippy mom… we’ve heard one half law amp order svu‘s infamous nearkiss kitchen it’s time party weigh law amp order svu alum chris meloni currently stars… chars,https://tvline.com/news/law-and-order-svu-benson-stabler-kiss-kitchen-chris-meloni-interview-1235437513/,nearkiss,,unknown,,
Viewfromthewing.com,2025-04-19T15:58:29Z,"This Holiday Inn Express Invented A ‘Green Energy Fee’—To Make You Pay Its Tax Bill The Holiday Inn Express Durango Downtown-Animas River adds a mysterious fee to bookings at the property that’s made out to look like a tax. A reader shares the fee, asking what it could be?
Continue reading This Holiday Inn Express Invented A ‘Green Energy Fe… The Holiday Inn Express Durango Downtown-Animas River adds a mysterious fee to bookings at the property that’s made out to look like a tax. A reader shares the fee, asking what it could be?
It’s a ‘… [+1825 chars]",holiday inn express invented ‘green energy fee’—to make pay tax bill holiday inn express durango downtownanimas river adds mysterious fee bookings property that’s made look like tax reader shares fee asking could continue reading holiday inn express invented ‘green energy fe… holiday inn express durango downtownanimas river adds mysterious fee bookings property that’s made look like tax reader shares fee asking could it’s ‘… chars,https://viewfromthewing.com/this-holiday-inn-express-invented-a-green-energy-fee-to-make-you-pay-its-tax-bill/,,,unknown,46.3144754,11.0480288
WMUR Manchester,2025-04-19T15:55:38Z,"Can the Trump administration detain Americans abroad? President Donald Trump says he is considering detaining American citizens who have been convicted of violent crimes abroad, but experts say that is likely illegal. WASHINGTON —The Trump administration has sent hundreds of migrants to a mega-prison in El Salvador, but could American citizens be next?
See the story in the video above
The White House says its an… [+3949 chars]",trump administration detain americans abroad president donald trump says considering detaining american citizens convicted violent crimes abroad experts say likely illegal washington —the trump administration sent hundreds migrants megaprison el salvador could american citizens next see story video white house says an… chars,https://www.wmur.com/article/can-the-trump-administration-detain-americans-abroad/64529490,washington,,unknown,38.8950368,-77.0365427
HuffPost,2025-04-19T15:51:43Z,"Sentence For Man Who Stole And Killed Pet Pig To Win Hunting Contest Draws Backlash Eddie was a ""treasured pet"" at a Maui animal sanctuary before he was slaughtered and submitted to a hunting competition — where his killers won first prize. One of two Hawaii men accused of stealing and killing a pet pig to cheat in a hunting contest has been sentenced, prompting criticism from animal advocacy groups that say his punishment doesnt reflec… [+2400 chars]",sentence man stole killed pet pig win hunting contest draws backlash eddie treasured pet maui animal sanctuary slaughtered submitted hunting competition — killers first prize one two hawaii men accused stealing killing pet pig cheat hunting contest sentenced prompting criticism animal advocacy groups say punishment doesnt reflec… chars,https://www.huffpost.com/entry/pet-pig-killed-hunting-contest-maui_n_67f811bae4b0c6da00112f88,,,murder,46.3144754,11.0480288
International Business Times,2025-04-19T15:51:20Z,"Tunisia Opposition Figures Get Jail Terms In Mass Trial A Tunisian court has handed down jail sentences of up to 66 years to multiple defendants, including prominent opposition figures, in a mass trial criticised by rights groups. A Tunisian court has handed down jail sentences of up to 66 years to multiple defendants, including prominent opposition figures, in a mass trial criticised by rights groups.
The trial, decried by a… [+3550 chars]",tunisia opposition figures get jail terms mass trial tunisian court handed jail sentences years multiple defendants including prominent opposition figures mass trial criticised rights groups tunisian court handed jail sentences years multiple defendants including prominent opposition figures mass trial criticised rights groups trial decried a… chars,https://www.ibtimes.com/tunisia-opposition-figures-get-jail-terms-mass-trial-3770659,,,unknown,46.3144754,11.0480288
TechSpot,2025-04-19T15:51:00Z,"Mass phone tracking via cell tower dumps ruled unconstitutional The case at the center of this ruling involves Cory Spurlock, who faces serious charges including conspiracy to distribute marijuana and alleged involvement in a murder-for-hire plot. In an effort to place Spurlock at the scenes of the crimes, investigators o… What just happened? A pivotal legal decision has emerged from Nevada, where a federal judge has questioned the constitutionality of a controversial investigative tool known as a ""tower dump."" This la… [+3549 chars]",mass phone tracking via cell tower dumps ruled unconstitutional case center ruling involves cory spurlock faces serious charges including conspiracy distribute marijuana alleged involvement murderforhire plot effort place spurlock scenes crimes investigators o… happened pivotal legal decision emerged nevada federal judge questioned constitutionality controversial investigative tool known tower dump la… chars,https://www.techspot.com/news/107613-court-finds-mass-cell-tower-data-searches-illegal.html,nevada,,unknown,39.5158825,-116.853722
Digital Journal,2025-04-19T15:48:26Z,"Tunisia opposition figures get jail terms in mass trial A Tunisian court has handed down jail sentences of up to 66 years to multiple defendants, including prominent opposition figures, in a mass trial criticised by rights groups. The trial, decried by a defence lawyer as a “masquerade”, is of unprecedented scale … Journalist and rights activist Chaima Issa, seen flashing the victory sign outside the court on April 11, 2025, was sentenced to 18 years - Copyright AFP FETHI BELAID
A Tunisian court has handed dow… [+3738 chars]",tunisia opposition figures get jail terms mass trial tunisian court handed jail sentences years multiple defendants including prominent opposition figures mass trial criticised rights groups trial decried defence lawyer “masquerade” unprecedented scale … journalist rights activist chaima issa seen flashing victory sign outside court april sentenced years copyright afp fethi belaid tunisian court handed dow… chars,https://www.digitaljournal.com/world/tunisia-opposition-figures-get-jail-terms-in-mass-trial/article,,,unknown,46.3144754,11.0480288
Rolling Stone,2025-04-19T15:46:37Z,"A ‘Touch of Whiskey’ and an Irish Jig: How Jack O’Connell Became a Celtic Vampire in ‘Sinners’ Jack O'Connell talks about using his Irish dance skills to play the vampire Remmick in Ryan Coogler's new movie. Jack O’Connell had a secret weapon in his arsenal when he was cast as Remmick in Ryan Coogler’s latest film, Sinners: the ability to dance an Irish jig.
Playing the antagonist vampire, who has been … [+11955 chars]",‘touch whiskey’ irish jig jack o’connell became celtic vampire ‘sinners’ jack oconnell talks using irish dance skills play vampire remmick ryan cooglers new movie jack o’connell secret weapon arsenal cast remmick ryan coogler’s latest film sinners ability dance irish jig playing antagonist vampire … chars,http://www.rollingstone.com/tv-movies/tv-movie-features/jack-oconnell-sinners-vampire-interview-1235319763/,,,unknown,46.3144754,11.0480288
Cult of Mac,2025-04-19T15:45:12Z,"Jon Hamm’s Your Friends and Neighbors becomes Apple’s TV+’s next hit The crime drama ‘Your Friends and Neighbors’ just launched recently and already earned high ratings. Jon Hamm surely helped. 
(via Cult of Mac - Apple news, rumors, reviews and how-tos) The crime drama Your Friends and Neighbors got off to a very strong start, appearing on lists of the top 10 most popular series, according to a pair of companies that track ratings. The Apple TV+ sho… [+4066 chars]",jon hamm’s friends neighbors becomes apple’s tv’s next hit crime drama ‘your friends neighbors’ launched recently already earned high ratings jon hamm surely helped via cult mac apple news rumors reviews howtos crime drama friends neighbors got strong start appearing lists top popular series according pair companies track ratings apple tv sho… chars,https://www.cultofmac.com/news/your-friends-and-neighbors-ratings,,,assault,46.3144754,11.0480288
New York Post,2025-04-19T15:28:32Z,"Tren de Aragua gangbanger sobs to Florida cops after crew gets busted for $30K liquor store robbery run ""He's not such a big bad guy when he's locked up. Maybe he's having visions of El Salvador prisons at some point in time in this future."" A “violent” Tren de Aragua gangbanger broke down in hysterics after he and his buddies were busted for robbing a Florida liquor store, cops said.
Ramon Jesus Carpintero-Luna, 26, sobbed like a baby … [+3604 chars]",tren de aragua gangbanger sobs florida cops crew gets busted k liquor store robbery run hes big bad guy hes locked maybe hes visions el salvador prisons point time future “violent” tren de aragua gangbanger broke hysterics buddies busted robbing florida liquor store cops said ramon jesus carpinteroluna sobbed like baby … chars,https://nypost.com/2025/04/19/us-news/tren-de-aragua-gangbanger-sobs-to-florida-cops-after-liquor-store-arrest/,"florida, el salvador",robbery,theft,-3.9842092,-79.3488777
Freerepublic.com,2025-04-19T15:15:55Z,"Dem senator's El Salvador trip might violate law liberals used as pretext for Michael Flynn probe: critics Sen. Chris Van Hollen’s, D-Md., sudden trip to El Salvador to try to free deportee Kilmar Abrego Garcia is getting the attention of critics who believe the Maryland Democrat may have violated a 1799 law prohibiting unauthorized diplomacy. The Logan Act – name… Skip to comments.
Dem senator's El Salvador trip might violate law liberals used as pretext for Michael Flynn probe: criticsFox News ^
 | 4/19/25
 | Charles Creitz
Posted on 04/19/2025 8:15:55 AM… [+3528 chars]",dem senators el salvador trip might violate law liberals used pretext michael flynn probe critics sen chris van hollen’s dmd sudden trip el salvador try free deportee kilmar abrego garcia getting attention critics believe maryland democrat may violated law prohibiting unauthorized diplomacy logan act – name… skip comments dem senators el salvador trip might violate law liberals used pretext michael flynn probe criticsfox news charles creitz posted am… chars,https://freerepublic.com/focus/f-chat/4311990/posts,"maryland, el salvador",,unknown,39.2867807,-76.566036
CBS Sports,2025-04-19T15:00:47Z,"WWE WrestleMania 41 card: John Cena, Roman Reigns, CM Punk and five matches lapsed fans need to know for 2025 Your guide to the biggest and most compelling storylines at WrestleMania this weekend WWE WrestleMania's scale and spectacle trump everything in professional wrestling. Since 1985, WrestleMania has served as the promotion's Super Bowl, a show big on star power and pageantry. It's a sp… [+6234 chars]",wwe wrestlemania card john cena roman reigns cm punk five matches lapsed fans need know guide biggest compelling storylines wrestlemania weekend wwe wrestlemanias scale spectacle trump everything professional wrestling since wrestlemania served promotions super bowl show big star power pageantry sp… chars,https://www.cbssports.com/wwe/news/wwe-wrestlemania-41-card-john-cena-roman-reigns-cm-punk-and-five-matches-lapsed-fans-need-to-know-for-2025/,wrestlemania,,unknown,,
Mobileread.com,2025-04-19T15:00:28Z,"Kabel, Walter: Nic Pratt-27 [German] V 1.0 19.04.2025 (Mystery and Crime, ePub) Mystery and Crime Kabel, Walter: Nic Pratt-27 [German] V 1.0 19.04.2025 ePub Books Walther August Gottfried Kabel (* 8. August 1878 in Danzig;  6. Mai 1935 in Kleinmachnow) war ein deutscher Unterhaltungsschriftsteller. Er gilt als einer der meistgelesenen deutschen Volks-Schrifts… [+949 chars]",kabel walter nic pratt german v mystery crime epub mystery crime kabel walter nic pratt german v epub books walther august gottfried kabel august danzig  mai kleinmachnow war ein deutscher unterhaltungsschriftsteller er gilt als einer der meistgelesenen deutschen volksschrifts… chars,https://www.mobileread.com/forums/showthread.php?t=367705,,,unknown,46.3144754,11.0480288
CryptoSlate,2025-04-19T15:00:26Z,"Blockchain privacy is a right, not a criminal tool The following is a guest post and opinion of Matthew Niemerg, Co-Founder of the Aleph Zero. I won’t admit to being a fan of much of Europe’s political direction (or destination) at the moment. News recently that Apple is partly removing end-to-end encryption … The following is a guest post and opinion of Matthew Niemerg, Co-Founder of the Aleph Zero.
I won’t admit to being a fan of much of Europe’s political direction (or destination) at the moment. News … [+6357 chars]",blockchain privacy right criminal tool following guest post opinion matthew niemerg cofounder aleph zero won’t admit fan much europe’s political direction destination moment news recently apple partly removing endtoend encryption … following guest post opinion matthew niemerg cofounder aleph zero won’t admit fan much europe’s political direction destination moment news … chars,https://cryptoslate.com/blockchain-privacy-is-a-right-not-a-criminal-tool/,n’t,,unknown,37.9456724,23.7139908
CNET,2025-04-19T15:00:03Z,"'MobLand' Release Schedule: When to Watch Episode 4 of the Tom Hardy Series MobLand stars Hardy, Pierce Brosnan and Helen Mirren. If you're a Paramount Plus drama with ""Land"" in its title, viewers will seemingly show up for you. The streamer's new crime series MobLand -- and the Taylor Sheridan shows Landman and 1923 -- make up… [+1856 chars]",mobland release schedule watch episode tom hardy series mobland stars hardy pierce brosnan helen mirren youre paramount plus drama land title viewers seemingly show streamers new crime series mobland taylor sheridan shows landman make up… chars,https://www.cnet.com/tech/services-and-software/mobland-release-schedule-when-to-watch-episode-4-of-the-tom-hardy-series/,,,unknown,46.3144754,11.0480288
Forbes,2025-04-19T15:00:00Z,"30 Movie Remakes That Rival The Originals Explore the movie remakes that give the originals a run for their money. Discover new takes on classic films that impress and entertain. American actors Jeff Goldblum and Geena Davis on the set of The Fly, directed by David Cronenberg. 
Corbis via Getty Images
Hollywood is all sequels, reboots and remakes! There are no new ideas. Wh… [+31690 chars]",movie remakes rival originals explore movie remakes give originals run money discover new takes classic films impress entertain american actors jeff goldblum geena davis set fly directed david cronenberg corbis via getty images hollywood sequels reboots remakes new ideas wh… chars,https://www.forbes.com/sites/entertainment/article/movie-remakes/,,,unknown,46.3144754,11.0480288
New York Post,2025-04-19T15:00:00Z,"NYC’s new scaffolding laws like ‘more colors’ are just one step in the right direction The new laws are long overdue. If you believe the citys new rules, meant to reduce the number of sidewalk scaffolds, will blow the odious eyesores away, lets take a stroll together.
Notice that Saks Fifth Avenues block-long shed … [+5163 chars]",nyc’s new scaffolding laws like ‘more colors’ one step right direction new laws long overdue believe citys new rules meant reduce number sidewalk scaffolds blow odious eyesores away lets take stroll together notice saks fifth avenues blocklong shed … chars,https://nypost.com/2025/04/19/opinion/nycs-new-scaffolding-laws-are-just-a-step-in-the-right-direction/,,,unknown,46.3144754,11.0480288
ComicBook.com,2025-04-19T15:00:00Z,"You Probably Forgot About That Time Batman Was a Senator (And it Was a Wild Time) Batman has had many positions and jobs over the years, head of Wayne Enterprises, Gotham’s dark protector, and being a member of the Justice League, to name a few. However, none compare to the absolute absurdity that followed when the Dark Knight briefly held… Batman has had many positions and jobs over the years, head of Wayne Enterprises, Gothams dark protector, and being a member of the Justice League, to name a few. However, none compare to the absolut… [+6052 chars]",probably forgot time batman senator wild time batman many positions jobs years head wayne enterprises gotham’s dark protector member justice league name however none compare absolute absurdity followed dark knight briefly held… batman many positions jobs years head wayne enterprises gothams dark protector member justice league name however none compare absolut… chars,http://comicbook.com/comics/news/batman-became-a-senator-with-green-arrow/,,,unknown,46.3144754,11.0480288
Freerepublic.com,2025-04-19T14:58:13Z,"Leaders in AOC's 'Red Light' district call on Kash Patel to crush 'worsening' gang crime and prostitution As Rep. Alexandria Ocasio-Cortez, D-N.Y., privately jets across the nation for her ""Fighting Oligarchy"" tour, residents in her Queens constituency have been calling on the FBI and the DEA to help them crack down on the illegal sex workers and drug dealers tha… Skip to comments.
Leaders in AOC's 'Red Light' district call on Kash Patel to crush 'worsening' gang crime and prostitutionFox News ^
 | 4/19/25
 | Michael Dorgan
Posted on 04/19/2025 7:58:13 AM … [+3442 chars]",leaders aocs red light district call kash patel crush worsening gang crime prostitution rep alexandria ocasiocortez dny privately jets across nation fighting oligarchy tour residents queens constituency calling fbi dea help crack illegal sex workers drug dealers tha… skip comments leaders aocs red light district call kash patel crush worsening gang crime prostitutionfox news michael dorgan posted … chars,https://freerepublic.com/focus/f-chat/4311987/posts,,,drug,46.3144754,11.0480288
Bleeding Cool News,2025-04-19T14:57:08Z,"Speed Racer #1 & Moana 2 in Mad Cave's July 2025 Solicits Mad Cave Studios sees the launch of Speed Racer #1 by David Pepose and Davide Tinto in their July 2025 solicits and solicitations. As well as the launch of Look Into My Eyes #1 by Rubén Cubiles, and Wild Animals #1 by Ed Brisson and Andy Kuhn. As well as more… Posted in: Comics, Comics Publishers, Current News, Mad Cave Studios | Tagged: moana 2, Speed Racer
Speed Racer #1, Look Into My Eyes #1 and Moana 2 launch in Mad Cave Studios' and Papercutz's July … [+25827 chars]",speed racer moana mad caves july solicits mad cave studios sees launch speed racer david pepose davide tinto july solicits solicitations well launch look eyes rubén cubiles wild animals ed brisson andy kuhn well more… posted comics comics publishers current news mad cave studios tagged moana speed racer speed racer look eyes moana launch mad cave studios papercutzs july … chars,https://bleedingcool.com/comics/speed-racer-1-moana-2-in-mad-caves-july-2025-solicits/,,,unknown,46.3144754,11.0480288
Freerepublic.com,2025-04-19T14:45:55Z,"NYC woman who left swastika brick on Cybertruck is a woke therapist who blamed Elon Musk for tantrum The Brooklyn woman accused of leaving a brick scrawled with a swastika and the word “Nazi” on a parked Tesla is a super-woke family therapist who was involved in criminal justice diversion programs — and blamed Elon Musk for her heinous actions as she was tak… Skip to comments.
NYC woman who left swastika brick on Cybertruck is a woke therapist who blamed Elon Musk for tantrumThe New York Post ^
 | 04/19/2025
 | Chris Harris
Posted on 04/19/2025 7:45:5… [+6353 chars]",nyc woman left swastika brick cybertruck woke therapist blamed elon musk tantrum brooklyn woman accused leaving brick scrawled swastika word “nazi” parked tesla superwoke family therapist involved criminal justice diversion programs — blamed elon musk heinous actions tak… skip comments nyc woman left swastika brick cybertruck woke therapist blamed elon musk tantrumthe new york post chris harris posted … chars,https://freerepublic.com/focus/f-chat/4311985/posts,brooklyn,,unknown,40.6526006,-73.9497211
Freerepublic.com,2025-04-19T14:45:55Z,"NYC woman who left swastika brick on Cybertruck is a woke therapist who blamed Elon Musk for tantrum The Brooklyn woman accused of leaving a brick scrawled with a swastika and the word “Nazi” on a parked Tesla is a super-woke family therapist who was involved in criminal justice diversion programs — and blamed Elon Musk for her heinous actions as she was tak… Skip to comments.
NYC woman who left swastika brick on Cybertruck is a woke therapist who blamed Elon Musk for tantrumThe New York Post ^
 | 04/19/2025
 | Chris Harris
Posted on 04/19/2025 7:45:5… [+3606 chars]",nyc woman left swastika brick cybertruck woke therapist blamed elon musk tantrum brooklyn woman accused leaving brick scrawled swastika word “nazi” parked tesla superwoke family therapist involved criminal justice diversion programs — blamed elon musk heinous actions tak… skip comments nyc woman left swastika brick cybertruck woke therapist blamed elon musk tantrumthe new york post chris harris posted … chars,https://freerepublic.com/focus/f-news/4311985/posts,brooklyn,,unknown,40.6526006,-73.9497211
Baltimorebeat.com,2025-04-19T14:41:37Z,Cop Who Alleged Abrego García’s Gang Ties Was Deemed Unfit by State’s Attorney The cop was on a “do not call” list due to criminal charges for sharing confidential information about an investigation. The Maryland cop who first linked Kilmar Abrego Garcia to alleged gang activity in 2019 was placed on a do not call list published by Prince Georges County States Attorney Aisha Braveboy in 2021 mean… [+8683 chars],cop alleged abrego garcía’s gang ties deemed unfit state’s attorney cop “do call” list due criminal charges sharing confidential information investigation maryland cop first linked kilmar abrego garcia alleged gang activity placed call list published prince georges county states attorney aisha braveboy mean… chars,https://baltimorebeat.com/governments-case-against-abrego-garcia-is-based-on-pg-county-cop-who-was-on-the-sas-do-not-call-list/,maryland,,unknown,39.5162401,-76.9382069
Bloody Disgusting,2025-04-19T14:40:37Z,"How ‘The Blackcoat’s Daughter’ Paved the Way for Oz Perkins’ Career There’s a famous incident where television host James Lipton shocked Steven Spielberg by suggesting that the musical communication in the director’s 1977 classic Close Encounters of the Third Kind was actually a reference to Spielberg’s father having been a c… While horror makes wild claims of based on a true story from time to time, not every instance seen in the genre is a gimmick formed from a shred of truth. Quite the opposite is 2016s LakeBodom (a.k.a… [+6403 chars]",‘the blackcoat’s daughter’ paved way oz perkins’ career there’s famous incident television host james lipton shocked steven spielberg suggesting musical communication director’s classic close encounters third kind actually reference spielberg’s father c… horror makes wild claims based true story time time every instance seen genre gimmick formed shred truth quite opposite lakebodom aka… chars,https://bloody-disgusting.com/editorials/3864587/how-the-blackcoats-daughter-paved-the-way-for-oz-perkins-career/,,,unknown,46.3144754,11.0480288
Freerepublic.com,2025-04-19T14:40:10Z,"The New Pornographers drummer charged with possession of child pornography Band says it's ""shocked"" and has ""severed all ties"" with Joe Seiders The drummer of Canadian indie rock band The New Pornographers has been charged with possession of child pornography, according to police in the U.S. On Thursday, the sheriff's office of Riverside County, California, said evidence has implicated Joe Seiders, 4… Skip to comments.
The New Pornographers drummer charged with possession of child pornography Band says it's ""shocked"" and has ""severed all ties"" with Joe SeidersCBC News ^
 | 4/18/2025
 | Yasmine … [+2647 chars]",new pornographers drummer charged possession child pornography band says shocked severed ties joe seiders drummer canadian indie rock band new pornographers charged possession child pornography according police us thursday sheriffs office riverside county california said evidence implicated joe seiders … skip comments new pornographers drummer charged possession child pornography band says shocked severed ties joe seiderscbc news yasmine … chars,https://freerepublic.com/focus/f-news/4311984/posts,california,,unknown,36.7014631,-118.755997
Freerepublic.com,2025-04-19T14:31:36Z,"NYC woman who left swastika brick on Cybertruck is a woke therapist who blamed Elon Musk for tantrum The Brooklyn woman accused of leaving a brick scrawled with a swastika and the word “Nazi” on a parked Tesla is a super-woke family therapist who was involved in criminal justice diversion programs — and blamed Elon Musk for her heinous actions as she was tak… Skip to comments.
NYC woman who left swastika brick on Cybertruck is a woke therapist who blamed Elon Musk for tantrumNY Post ^
 | 4/19/25
 | Chris Harris, Georgia Worrell
Posted on 04/19/2025 7:… [+4433 chars]",nyc woman left swastika brick cybertruck woke therapist blamed elon musk tantrum brooklyn woman accused leaving brick scrawled swastika word “nazi” parked tesla superwoke family therapist involved criminal justice diversion programs — blamed elon musk heinous actions tak… skip comments nyc woman left swastika brick cybertruck woke therapist blamed elon musk tantrumny post chris harris georgia worrell posted … chars,https://freerepublic.com/focus/f-chat/4311982/posts,brooklyn,,unknown,40.6526006,-73.9497211
Dailyreckoning.com,2025-04-19T14:30:50Z,"Consequences of the AI Disruption This post Consequences of the AI Disruption appeared first on Daily Reckoning.
To understand the great AI disruption, today we examine the First Industrial Revolution and its consequences...
The post Consequences of the AI Disruption appeared first on Daily R… AI is set to usher in a new industrial revolution.
To prepare, Ive been brushing up on past industrial revolutions, starting with the first one, which took place from around 1750 to 1830.
A few of … [+4154 chars]",consequences ai disruption post consequences ai disruption appeared first daily reckoning understand great ai disruption today examine first industrial revolution consequences post consequences ai disruption appeared first daily r… ai set usher new industrial revolution prepare ive brushing past industrial revolutions starting first one took place around … chars,https://dailyreckoning.com/consequences-of-the-ai-disruption/,,,unknown,46.3144754,11.0480288
Slate Magazine,2025-04-19T14:30:00Z,"It’s the Most Devious Childhood Prank of All. Now It’s Under Threat by a Familiar Foe. The shortage of eggs may drive some teens to do “vegan vandalism.” This is part of Egg, an attempt to explain why Americans have absolutely lost their minds over egg prices.
To err is human, and for much of history, to egg was too. For almost as long as chickens ha… [+6741 chars]",it’s devious childhood prank it’s threat familiar foe shortage eggs may drive teens “vegan vandalism” part egg attempt explain americans absolutely lost minds egg prices err human much history egg almost long chickens ha… chars,https://slate.com/life/2025/04/egg-prices-egging-prank-history.html,,,unknown,46.3144754,11.0480288
Newsweek,2025-04-19T14:27:28Z,"Jeff Bridges Wants to Return to Most Beloved Role Jeff Bridges says he'd love to return to his most beloved role. Entertainment gossip and news from Newsweek's network of contributors
Jeff Bridges is willing, ready, and able to play The Dude again. The actor was on hand after a screening of ""The Big Lebowski"" a… [+2725 chars]",jeff bridges wants return beloved role jeff bridges says hed love return beloved role entertainment gossip news newsweeks network contributors jeff bridges willing ready able play dude actor hand screening big lebowski a… chars,https://www.newsweek.com/entertainment/movies/jeff-bridges-wants-return-most-beloved-role-2061724,,,unknown,46.3144754,11.0480288
Freerepublic.com,2025-04-19T14:26:11Z,"Chris Plante has PG Co. (MD) Police Gang Unit founder to discuss history/slogans of MS-13 (Kilmar's county) During the Chris Plante Radio Show yesterday (Friday, April 18, 2024), out of WMAL in Washington, DC, Chris had on a caller, Sgt. George (since retired), who founded the Prince George's County Police (MD) Gang Unit in the 1980s. He discussed the history, slog… Skip to comments.
Chris Plante has PG Co. (MD) Police Gang Unit founder to discuss history/slogans of MS-13 (Kilmar's county)https://www.wmal.com/personalities/chris-plante/ ^
 | 4/19/25
 | Self, … [+2662 chars]",chris plante pg co md police gang unit founder discuss historyslogans ms kilmars county chris plante radio show yesterday friday april wmal washington dc chris caller sgt george since retired founded prince georges county police md gang unit discussed history slog… skip comments chris plante pg co md police gang unit founder discuss historyslogans ms kilmars county self … chars,https://freerepublic.com/focus/f-chat/4311979/posts,washington,,unknown,38.8950368,-77.0365427
Fox News,2025-04-19T14:18:51Z,"GOP gubernatorial candidate in key state touts record in race against Ramaswamy: 'Results, not just rhetoric' Fox News Digital spoke to Ohio Republican Attorney General Dave Yost about his gubernatorial campaign against Trump-endorsed tech entrepreneur Vivek Ramaswamy. WASHINGTON, DC - Ohio Republican Attorney General Dave Yost, who is running for governor against tech entrepreneur Vivek Ramaswamy in the primary, spoke to Fox News Digital about his campaign and wha… [+5857 chars]",gop gubernatorial candidate key state touts record race ramaswamy results rhetoric fox news digital spoke ohio republican attorney general dave yost gubernatorial campaign trumpendorsed tech entrepreneur vivek ramaswamy washington dc ohio republican attorney general dave yost running governor tech entrepreneur vivek ramaswamy primary spoke fox news digital campaign wha… chars,https://www.foxnews.com/politics/gop-gubernatorial-candidate-key-state-touts-record-race-against-ramaswamy-results-not-rhetoric,"washington, ohio",,unknown,39.4782641,-81.5488945
Forbes,2025-04-19T14:15:57Z,"Tesla Protests And Vandalism Surge: Justice Department Announces Charges Against Sixth Alleged Vandal Peaceful Tesla protests have taken place across the country—but some dealerships have also been hit with acts of vandalism, including gunfire and arson, in protests apparently directed at Elon Musk. The Justice Department announced it arrested a college student Friday in connection with an alleged arson in Kansas City, the sixth person to face federal charges for allegedly vandalizing Tesla vehi… [+17070 chars]",tesla protests vandalism surge justice department announces charges sixth alleged vandal peaceful tesla protests taken place across country—but dealerships also hit acts vandalism including gunfire arson protests apparently directed elon musk justice department announced arrested college student friday connection alleged arson kansas city sixth person face federal charges allegedly vandalizing tesla vehi… chars,https://www.forbes.com/sites/conormurray/2025/04/19/tesla-protests-and-vandalism-surge-justice-department-announces-charges-against-sixth-alleged-vandal/,kansas city,arson,assault,39.100105,-94.5781416
Screamhorrormag.com,2025-04-19T14:11:37Z,"INDEPENDENT FILM CRAWFORD ROAD TO BE RELEASED AFTER A SEVEN YEAR LEGAL BATTLE - THE HORROR ENTERTAINMENT MAGAZINE After a seven-year court battle, independent Virginia-based film producers Gordon Price and James Person will soon release their highly-anticipated feature-length film, Crawford Road, on Fawesome. This historical thriller is the first collaborative effort pro… After a seven-year court battle, independent Virginia-based film producers Gordon Price and James Person will soon release their highly-anticipated feature-length film, Crawford Road, on Fawesome. Th… [+1196 chars]",independent film crawford road released seven year legal battle horror entertainment magazine sevenyear court battle independent virginiabased film producers gordon price james person soon release highlyanticipated featurelength film crawford road fawesome historical thriller first collaborative effort pro… sevenyear court battle independent virginiabased film producers gordon price james person soon release highlyanticipated featurelength film crawford road fawesome th… chars,https://www.screamhorrormag.com/independent-film-crawford-road-to-be-released-after-a-seven-year-legal-battle/,,,unknown,46.3144754,11.0480288
Vulture,2025-04-19T14:00:11Z,"Doctor Who Recap: Last Night Was a Movie Russell T Davies goes off road and takes the episode into meta territory with the help of a god played by Alan Cumming. Allow me to channel the TARDIS for a second and take us back in time  specifically, to the 2007 episode The Shakespeare Code. Martha Jones, the first full-time Black companion in Doctor Who history, … [+10909 chars]",doctor recap last night movie russell davies goes road takes episode meta territory help god played alan cumming allow channel tardis second take us back time specifically episode shakespeare code martha jones first fulltime black companion doctor history … chars,http://www.vulture.com/article/doctor-who-recap-series-15-episode-2.html,,,unknown,46.3144754,11.0480288
The Truth About Guns,2025-04-19T14:00:00Z,"ATF Targeting old men in rural Missouri by Lee Williams  The entire State of Missouri can rest much easier now. The ATF has made the Show-Me State a much safer place. Two rule breakers from small Missouri towns were indicted by a federal grand jury last week. Their crimes? They’re accused of sellin… by Lee Williams 
The entire State of Missouri can rest much easier now. The ATF has made the Show-Me State a much safer place. Two rule breakers from small Missouri towns were indicted by a federal … [+4509 chars]",atf targeting old men rural missouri lee williams entire state missouri rest much easier atf made showme state much safer place two rule breakers small missouri towns indicted federal grand jury last week crimes they’re accused sellin… lee williams entire state missouri rest much easier atf made showme state much safer place two rule breakers small missouri towns indicted federal … chars,https://www.thetruthaboutguns.com/atf-targeting-old-men-in-rural-missouri/,missouri,,unknown,38.7604815,-92.5617875
Billings Gazette,2025-04-19T14:00:00Z,"One year, nearly 900 investigations: Tech-based child sex abuse on rise in Montana “There’s not one social media platform, website or gaming device where there’s not child predators or people looking to exploit a child,” said Dustin Grant with the FBI. Earlier this month, a Montana man admitted to sexually exploiting and abusing at least eight girls in Bozeman and Billings.
In a scheme to produce child sex abuse material, Tyrell Forest Anderson ma… [+8460 chars]",one year nearly investigations techbased child sex abuse rise montana “there’s one social media platform website gaming device there’s child predators people looking exploit child” said dustin grant fbi earlier month montana man admitted sexually exploiting abusing least eight girls bozeman billings scheme produce child sex abuse material tyrell forest anderson ma… chars,https://billingsgazette.com/news/local/crime-courts/article_f0525e45-320b-4586-9630-b881aad19adb.html,,,sexual,46.3144754,11.0480288
Dianeravitch.net,2025-04-19T14:00:00Z,"Boston Globe: Harvard May Beat Trump by Using His Tactics James Pindell of The Boston Globe predicts that Harvard University has a better hand than Trump in their epic confrontation. Harvard, like Trump, can employ the tactics of delay, delay, appeal, delay, appeal, which Trump used to avoid accountability for provo… James Pindell of The Boston Globe predicts that Harvard University has a better hand than Trump in their epic confrontation. Harvard, like Trump, can employ the tactics of delay, delay, appeal, delay… [+4203 chars]",boston globe harvard may beat trump using tactics james pindell boston globe predicts harvard university better hand trump epic confrontation harvard like trump employ tactics delay delay appeal delay appeal trump used avoid accountability provo… james pindell boston globe predicts harvard university better hand trump epic confrontation harvard like trump employ tactics delay delay appeal delay… chars,https://dianeravitch.net/2025/04/19/boston-globe-harvard-may-beat-trump-by-using-his-tactics/,boston,,assault,42.3554334,-71.060511
The Star Online,2025-04-19T13:57:00Z,"Penang cops bust drug syndicate, arrest two suspects GEORGE TOWN: Police busted a cannabis trafficking syndicate that has been active since the beginning of this year by arresting two local men and seizing RM68,000 worth of marijuana in three raids around the Seberang Perai Tengah (SPT) district on Friday. Read… GEORGE TOWN: Police busted a cannabis trafficking syndicate that has been active since the beginning of this year by arresting two local men and seizing RM68,000 worth of marijuana in three raids aro… [+1640 chars]",penang cops bust drug syndicate arrest two suspects george town police busted cannabis trafficking syndicate active since beginning year arresting two local men seizing rm worth marijuana three raids around seberang perai tengah spt district friday read… george town police busted cannabis trafficking syndicate active since beginning year arresting two local men seizing rm worth marijuana three raids aro… chars,https://www.thestar.com.my/news/nation/2025/04/19/penang-cops-bust-drug-syndicate-arrest-two-suspects,,,drug,46.3144754,11.0480288
New York Post,2025-04-19T13:56:18Z,"FSU shooting suspect Phoenix Ikner’s stepmother taught him how to handle guns: sheriff Phoenix Ikner used at least one of his stepmother's firearms during the FSU massacre. Suspected FSU shooter Phoenix Ikner learned how to handle guns from his sheriff deputy stepmother, according to the sheriff’s office where she works.
Ikner, 20, was arrested after he allegedly shot … [+1941 chars]",fsu shooting suspect phoenix ikner’s stepmother taught handle guns sheriff phoenix ikner used least one stepmothers firearms fsu massacre suspected fsu shooter phoenix ikner learned handle guns sheriff deputy stepmother according sheriff’s office works ikner arrested allegedly shot … chars,https://nypost.com/2025/04/19/us-news/fsu-shooting-suspect-phoenix-ikners-stepmother-taught-him-how-to-handle-guns-sheriff/,,shooting,unknown,46.3144754,11.0480288
Forbes,2025-04-19T13:53:26Z,"EU Declares 7 Countries ‘Safe’ For Asylum Seekers To Be Deported To Member states have been calling for a continent-wide list of 'safe' countries for years, and now the European Commission has acquiesced. People waiting to be rescued by Italian coast guard in the Mediterranean Sea on August 6, 2017. ... More (Photo by ANGELOS TZORTZINIS / AFP) (Photo by ANGELOS TZORTZINIS/AFP via Getty Images)
AFP vi… [+3569 chars]",eu declares countries ‘safe’ asylum seekers deported member states calling continentwide list safe countries years european commission acquiesced people waiting rescued italian coast guard mediterranean sea august photo angelos tzortzinis afp photo angelos tzortzinisafp via getty images afp vi… chars,https://www.forbes.com/sites/freylindsay/2025/04/19/eu-declares-7-countries-safe-for-asylum-seekers-to-be-deported-to/,,,unknown,46.3144754,11.0480288
Ozbargain.com.au,2025-04-19T13:53:25Z,"Crime Scene Simulator Now on Xbox Game Pass With a perfect 5 star score on steam, this game will keep you entertained for hours. '..an incredible entry into the cleaning simulator genre' 'Crime Cleaner Simulator is an … With a perfect 5 star score on steam, this game will keep you entertained for hours.
'..an incredible entry into the cleaning simulator genre'
'Crime Cleaner Simulator is an excellent game for pass… [+13 chars]",crime scene simulator xbox game pass perfect star score steam game keep entertained hours incredible entry cleaning simulator genre crime cleaner simulator … perfect star score steam game keep entertained hours incredible entry cleaning simulator genre crime cleaner simulator excellent game pass… chars,https://www.ozbargain.com.au/node/902504,,,unknown,46.3144754,11.0480288
CoinDesk,2025-04-19T13:30:00Z,"Unpacking the DOJ's Crypto Enforcement Memo Legal experts say it may not significantly alter the types of cases the DOJ brings. Earlier this month, the Department of Justice disbanded its National Cryptocurrency Enforcement Team and said it would no longer pursue what Deputy Attorney General Todd Blanche described as ""regulat… [+12626 chars]",unpacking dojs crypto enforcement memo legal experts say may significantly alter types cases doj brings earlier month department justice disbanded national cryptocurrency enforcement team said would longer pursue deputy attorney general todd blanche described regulat… chars,https://www.coindesk.com/news-analysis/2025/04/19/unpacking-the-dojs-crypto-enforcement-memo,,,unknown,46.3144754,11.0480288
Freerepublic.com,2025-04-19T13:26:31Z,"Clyburn: We Have a Good Message, The Problem Is Most Media Not Like MSNBC Is On Friday’s broadcast of MSNBC’s “The Last Word,” Rep. James Clyburn (D-SC) said that Democrats have a good message, “The problem we’ve got, honestly, is that we have to depend upon the media to deliver it.” And “when you’ve got people saying we’re not going … Skip to comments.
Clyburn: We Have a Good Message, The Problem Is Most Media Not Like MSNBC IsBreitbart ^
 | 04/19/2025
 | Ian hatchett
Posted on 04/19/2025 6:26:31 AM PDT by ChicagoConservative2… [+2729 chars]",clyburn good message problem media like msnbc friday’s broadcast msnbc’s “the last word” rep james clyburn dsc said democrats good message “the problem we’ve got honestly depend upon media deliver it” “when you’ve got people saying we’re going … skip comments clyburn good message problem media like msnbc isbreitbart ian hatchett posted pdt chicagoconservative… chars,https://freerepublic.com/focus/f-news/4311966/posts,,,unknown,46.3144754,11.0480288
The-independent.com,2025-04-19T13:21:09Z,"Sopranos star Dominic Chianese’s daughter dies aged 58 Actor supported his daughter during her final days Your support helps us to tell the story
From reproductive rights to climate change to Big Tech, The Independent is on the ground when the story is developing. Whether it's investigating the financia… [+2733 chars]",sopranos star dominic chianese’s daughter dies aged actor supported daughter final days support helps us tell story reproductive rights climate change big tech independent ground story developing whether investigating financia… chars,https://www.the-independent.com/life-style/sopranos-daughter-dead-dominic-chianese-b2736048.html,,,unknown,46.3144754,11.0480288
New York Post,2025-04-19T13:18:03Z,"Arsonist who tried to kill Gov. Josh Shapiro is a cautionary tale for NY’s soft-on-crime pols The psycho firebug is a product of the Keystone State's broken, perverted criminal justice system — which look a lot like New York's. The psycho firebug who tried to kill Pennsylvania Gov. Josh Shapiro last weekend is a product of the Keystone State’s broken, perverted criminal-justice and mental-health systems which look a lot lik… [+2412 chars]",arsonist tried kill gov josh shapiro cautionary tale ny’s softoncrime pols psycho firebug product keystone states broken perverted criminal justice system — look lot like new yorks psycho firebug tried kill pennsylvania gov josh shapiro last weekend product keystone state’s broken perverted criminaljustice mentalhealth systems look lot lik… chars,https://nypost.com/2025/04/19/opinion/cody-balmer-is-a-cautionary-tale-for-nys-soft-on-crime-pols/,pennsylvania,,murder,40.9699889,-77.7278831
Just Jared,2025-04-19T13:16:38Z,"Top 10 Best True Crime Documentaries to Stream on Netflix, According to Rotten Tomatoes (Including Five 100% Movies & Shows!) True crime stories have a huge fan base! Over the years, streaming services have started releasing more and more true crime documentaries and docu-series that have fans riveted by the stories and cases that are filled with tons of shocking twists and turns. F… True crime stories have a huge fan base!
Over the years, streaming services have started releasing more and more true crime documentaries and docu-series that have fans riveted by the stories and ca… [+461 chars]",top best true crime documentaries stream netflix according rotten tomatoes including five movies shows true crime stories huge fan base years streaming services started releasing true crime documentaries docuseries fans riveted stories cases filled tons shocking twists turns f… true crime stories huge fan base years streaming services started releasing true crime documentaries docuseries fans riveted stories ca… chars,https://www.justjared.com/2025/04/19/top-10-best-true-crime-documentaries-to-stream-on-netflix-according-to-rotten-tomatoes-including-five-100-movies-shows/,,,unknown,46.3144754,11.0480288
CNET,2025-04-19T13:00:00Z,"Sorry, but That Gold Bar Investment Opportunity Is Likely a Scam Gold prices are doing well. Be on the lookout for potential scammers trying to use this to get to your savings. The price of gold has increased over the last week, which could give swindlers more opportunities to trick their victims.
The gold bar scam sounds like a con no one could possibly fall for, but it d… [+6495 chars]",sorry gold bar investment opportunity likely scam gold prices well lookout potential scammers trying use get savings price gold increased last week could give swindlers opportunities trick victims gold bar scam sounds like con one could possibly fall d… chars,https://www.cnet.com/personal-finance/sorry-but-that-gold-bar-investment-opportunity-is-likely-a-scam/,,scam,fraud,46.3144754,11.0480288
Rolling Stone,2025-04-19T13:00:00Z,"Inside the Long, Strange Trip of the World’s Best LSD Owsley Stanley created a legendary strain of acid in the 1960s — now it's taking on a new life in modern-day research facilities. On Dec. 21, 1967 — the winter solstice, when the sun’s annual perambulations through the zodiac had reached their most southerly point — light was dimming on the Summer of Love.
In an unassuming pad… [+33256 chars]",inside long strange trip world’s best lsd owsley stanley created legendary strain acid — taking new life modernday research facilities dec — winter solstice sun’s annual perambulations zodiac reached southerly point — light dimming summer love unassuming pad… chars,http://www.rollingstone.com/culture/culture-features/lsd-acid-owsley-stanley-research-trials-1235319250/,,,unknown,46.3144754,11.0480288
NBC News,2025-04-19T13:00:00Z,Lori Vallow Daybell's murder trial: Key moments as 'doomsday mom' plans to rest case A “doomsday” murder trial that has gripped the nation for the past week may come to an end much more quickly than expected after Lori Vallow Daybell announced plans to rest her case without providing evidence or witnesses. A doomsday murder trial that has gripped the nation for the past week may come to an end much more quickly than expected after Lori Vallow Daybell announced plans to rest her case without providing e… [+13259 chars],lori vallow daybells murder trial key moments doomsday mom plans rest case “doomsday” murder trial gripped nation past week may come end much quickly expected lori vallow daybell announced plans rest case without providing evidence witnesses doomsday murder trial gripped nation past week may come end much quickly expected lori vallow daybell announced plans rest case without providing e… chars,https://www.nbcnews.com/news/us-news/lori-vallow-daybell-murder-trial-key-moments-rcna201727,,murder,murder,46.3144754,11.0480288
Forbes,2025-04-19T13:00:00Z,"25 Western Novels That Capture The Wild West Explore the best western books that capture the spirit of adventure, grit and frontier life in iconic tales of the American West. Larry McMurtry, the famed Texas novelist, screenwriter and bookseller, who won a Pulitzer Prize for ... More his book ""Lonesome Dove,"" at his bookstore, Booked Up No. 1.
Houston Chronicle via Getty … [+15429 chars]",western novels capture wild west explore best western books capture spirit adventure grit frontier life iconic tales american west larry mcmurtry famed texas novelist screenwriter bookseller pulitzer prize book lonesome dove bookstore booked houston chronicle via getty … chars,https://www.forbes.com/sites/entertainment/article/western-novels/,"texas, houston",,unknown,29.7589382,-95.3676974
NBC News,2025-04-19T13:00:00Z,"Florida college students on edge over campus police's cooperation with ICE After Florida International University’s police entered into an agreement to carry out immigration enforcement on campus, some students have said they are ""terrified."" MIAMI After Florida International Universitys police department entered into an agreement with the federal government to carry out immigration enforcement on campus, some students say they are terrif… [+6729 chars]",florida college students edge campus polices cooperation ice florida international university’s police entered agreement carry immigration enforcement campus students said terrified miami florida international universitys police department entered agreement federal government carry immigration enforcement campus students say terrif… chars,https://www.nbcnews.com/news/latino/ice-florida-international-university-immigration-student-visas-rcna201906,"miami, florida",,unknown,25.7741728,-80.19362
WJBF-TV,2025-04-19T12:42:07Z,"2 charged in downtown Augusta shooting; 61-year-old man injured AUGUSTA, Ga. (WJBF) — Two people are facing charges after a man was shot in the head during an attempted robbery in downtown Augusta. Authorities say it... AUGUSTA, Ga. (WJBF) Two people are facing charges after a man was shot in the head during an attempted robbery in downtown Augusta.
Authorities say it happened just after 2 a.m. Saturday near the 90… [+1111 chars]",charged downtown augusta shooting yearold man injured augusta ga wjbf — two people facing charges man shot head attempted robbery downtown augusta authorities say augusta ga wjbf two people facing charges man shot head attempted robbery downtown augusta authorities say happened saturday near … chars,https://www.wjbf.com/news/61-year-old-found-shot-downtown-augusta/,yearold,"robbery, shooting",theft,13.8631207,120.9336441
TMZ,2025-04-19T12:38:05Z,"Bill Maher Blasts Gen Z as Way Too Soft to Fulfill Trump's Manufacturing Goals Bill Maher is laughing out loud over Trump's plan to bring manufacturing back to the U.S. of A. ... because ain't no one gonna work at these shiny new plants! The 'Real Time' host went in HARD on Gen Z, saying they're hardly the hard-hatted,… Bill Maher is laughing out loud over Trump's plan to bring manufacturing back to the U.S. of A. ... because ain't no one gonna work at these shiny new plants!
The 'Real Time' host went in HARD on Ge… [+709 chars]",bill maher blasts gen z way soft fulfill trumps manufacturing goals bill maher laughing loud trumps plan bring manufacturing back us aint one gonna work shiny new plants real time host went hard gen z saying theyre hardly hardhatted… bill maher laughing loud trumps plan bring manufacturing back us aint one gonna work shiny new plants real time host went hard ge… chars,https://www.tmz.com/2025/04/19/bill-maher-says-gen-z-not-fill-trump-manufacturing-jobs/,,,unknown,46.3144754,11.0480288
Deadline,2025-04-19T12:32:54Z,"BBC “Confirms Start Of Production On Series 2 Of ‘Return To Paradise'” – report Return to Paradise is the latest spin-off from the BBC’s longrunning hit comedy drama series Death in Paradise. The finale of the first season left a cliffhanger over the fate of lead character Detective Sergeant Mackenzie Clarke who returns to her home town … Return to Paradise is the latest spin-off from the BBC’s longrunning hit comedy drama series Death in Paradise.
The finale of the first season left a cliffhanger over the fate of lead character Dete… [+1459 chars]",bbc “confirms start production series ‘return paradise” – report return paradise latest spinoff bbc’s longrunning hit comedy drama series death paradise finale first season left cliffhanger fate lead character detective sergeant mackenzie clarke returns home town … return paradise latest spinoff bbc’s longrunning hit comedy drama series death paradise finale first season left cliffhanger fate lead character dete… chars,http://deadline.com/2025/04/bbc-confirms-production-series-2-return-to-paradise-report-1236372347/,,,assault,46.3144754,11.0480288
Raw Story,2025-04-19T12:32:12Z,'Claptrap-laden diatribes': JD Vance leveled by legal scholar over his outbursts on X Vice President J.D. Vance was taken to task by the conservative National Review's Andrew McCarthy for his constant running to X to post disingenuous attacks on opponents of the Donald Trump administration's immigration policies.In a column posted Saturday mor… Vice President J.D. Vance was taken to task by the conservative National Review's Andrew McCarthy for his constant running to X to post disingenuous attacks on opponents of the Donald Trump administr… [+2225 chars],claptrapladen diatribes jd vance leveled legal scholar outbursts x vice president jd vance taken task conservative national reviews andrew mccarthy constant running x post disingenuous attacks opponents donald trump administrations immigration policiesin column posted saturday mor… vice president jd vance taken task conservative national reviews andrew mccarthy constant running x post disingenuous attacks opponents donald trump administr… chars,https://www.rawstory.com/jd-vance-immigration/,claptrapladen,,unknown,,
New York Post,2025-04-19T12:31:32Z,Why El Salvador’s ‘mega’ prisons are making the world safer This week’s White House meeting between President Trump and El Salvador’s President Nayib Bukele offered a crucial opportunity. This weeks White House meeting between President Trump and El Salvadors President Nayib Bukele offered a crucial opportunity. It should have marked an era of renewed US engagement with our allies in … [+6289 chars],el salvador’s ‘mega’ prisons making world safer week’s white house meeting president trump el salvador’s president nayib bukele offered crucial opportunity weeks white house meeting president trump el salvadors president nayib bukele offered crucial opportunity marked era renewed us engagement allies … chars,https://nypost.com/2025/04/19/opinion/why-el-salvadors-mega-prisons-have-made-the-world-safer/,"us, el salvador’s, el salvador",,unknown,13.7013054,-89.0781096
NDTV News,2025-04-19T12:30:52Z,"Court Allows Baba Siddique's Wife To Intervene In Murder Case Proceedings A special court on Saturday allowed Shehzeen Siddique, the wife of former Maharashtra minister Baba Siddique, who was shot dead in October last year, to intervene in the proceedings of his murder case. Mumbai: A special court on Saturday allowed Shehzeen Siddique, the wife of former Maharashtra minister Baba Siddique, who was shot dead in October last year, to intervene in the proceedings of his mu… [+1818 chars]",court allows baba siddiques wife intervene murder case proceedings special court saturday allowed shehzeen siddique wife former maharashtra minister baba siddique shot dead october last year intervene proceedings murder case mumbai special court saturday allowed shehzeen siddique wife former maharashtra minister baba siddique shot dead october last year intervene proceedings mu… chars,https://www.ndtv.com/india-news/court-allows-baba-siddiques-wife-to-intervene-in-murder-case-proceedings-8203885,,murder,murder,46.3144754,11.0480288
New York Post,2025-04-19T12:15:00Z,"NYC woman who left swastika brick on Cybertruck is a woke therapist who blamed Elon Musk for tantrum The Brooklyn woman accused of leaving a brick scrawled with a swastika and the word ""Nazi"" on a parked Tesla is a super-woke family therapist who was involved in criminal justice diversion programs. The Brooklyn woman accused of leaving a brick scrawled with a swastika and the word “Nazi” on a parked Tesla is a super-woke family therapist who was involved in criminal justice diversion programs —… [+3111 chars]",nyc woman left swastika brick cybertruck woke therapist blamed elon musk tantrum brooklyn woman accused leaving brick scrawled swastika word nazi parked tesla superwoke family therapist involved criminal justice diversion programs brooklyn woman accused leaving brick scrawled swastika word “nazi” parked tesla superwoke family therapist involved criminal justice diversion programs —… chars,https://nypost.com/2025/04/19/us-news/nyc-woman-charged-in-cybertruck-hate-crime-is-woke-therapist/,brooklyn,,unknown,40.6526006,-73.9497211
Yahoo Entertainment,2025-04-19T12:15:00Z,"US Secret Service seizes website tied to ‘pig butchering’ scam that defrauded Americans of more than $4.5M Fraudsters are getting smarter — stay a step ahead. The U.S. Secret Service in New York has seized a second web domain tied to a growing type of cryptocurrency scam known as pig butchering, in which scammers build trust with their victims before finan… [+3620 chars]",us secret service seizes website tied ‘pig butchering’ scam defrauded americans fraudsters getting smarter — stay step ahead us secret service new york seized second web domain tied growing type cryptocurrency scam known pig butchering scammers build trust victims finan… chars,https://www.yahoo.com/news/us-secret-seizes-website-tied-121500787.html,new york,scam,fraud,40.7127281,-74.0060152
